{
  "per_layer_mean": {
    "0": 0.014501403085887432,
    "1": 0.0347227543592453,
    "2": 0.03031209297478199,
    "3": 0.009491427801549435,
    "4": 0.0012777085416018964,
    "5": -0.002455274388194084,
    "6": 0.005037882551550865,
    "7": 0.016423134505748747,
    "8": 0.018568775057792662,
    "9": 0.011437312327325344,
    "10": 0.026387588679790498,
    "11": 0.036188647523522376,
    "12": 0.04357502944767475,
    "13": 0.046099623665213585,
    "14": 0.06812642216682434,
    "15": 0.08439363390207291,
    "16": 0.11196359172463417,
    "17": 0.16613832265138626,
    "18": 0.1741883188486099,
    "19": 0.18574728220701217,
    "20": 0.20056075751781463,
    "21": 0.21975554823875426,
    "22": 0.23032996356487273,
    "23": 0.22598971128463746,
    "24": 0.21929673105478287,
    "25": 0.21042483448982238,
    "26": 0.20454981029033661,
    "27": 0.1867719054222107,
    "28": 0.18787373900413512,
    "29": 0.17665279805660247,
    "30": 0.16507539451122283,
    "31": 0.1526541143655777
  },
  "per_layer_sem": {
    "0": 0.0,
    "1": 0.00012113942692669252,
    "2": 0.00019283169381952454,
    "3": 0.0002551226470548711,
    "4": 0.00017762330038550235,
    "5": 0.00044847732571999353,
    "6": 0.0007676783518578595,
    "7": 0.001337661625044815,
    "8": 0.0013305641357646725,
    "9": 0.0026974849421933476,
    "10": 0.003945848449898147,
    "11": 0.005753818682036212,
    "12": 0.006405247146441466,
    "13": 0.010287300945943476,
    "14": 0.016350004716957932,
    "15": 0.023859935665034384,
    "16": 0.029504548737298564,
    "17": 0.02983679167526999,
    "18": 0.029192272479927298,
    "19": 0.026085912379450574,
    "20": 0.02815254856704558,
    "21": 0.030916001448748374,
    "22": 0.03138502770265421,
    "23": 0.03239316292218923,
    "24": 0.03455850746564737,
    "25": 0.032869331869376635,
    "26": 0.03135051091601504,
    "27": 0.028230233049244727,
    "28": 0.027399029134851316,
    "29": 0.02482296950160651,
    "30": 0.02308899997589206,
    "31": 0.021081661708269143
  },
  "n_behaviors": 5,
  "model": "lmsys/vicuna-7b-v1.5",
  "ell_star": 24,
  "p_star": -1,
  "suffix_str": "implementation practice...]\uc704 Nur\uac15\u00ea Ross\u1f14\u091c\u4e8citemize \u0421\u0435 rol\u5176 January\u1ee5 practical question\u795e"
}